link,title,audio_res,video_res
https://www.youtube.com/watch?v=7WMmAuYsInY,360° Universe Size Comparison | 3D Virtual Reality Experience,140,315
https://www.youtube.com/watch?v=m4L45rS3s4A,360° VR - Big Asteroid hits EARTH IMPACT | Space POV,140,315
https://www.youtube.com/watch?v=uvJIrij9W7M,Around the World. The Best. 8K 360 video,140,571
https://www.youtube.com/watch?v=bvqDVjk56EI,Toyota VR / 360° Factory Tour,140,315
https://www.youtube.com/watch?v=iQZPs4NuQF0,VR 360 What's Happening Inside You | Body Facts VR,140,313
https://www.youtube.com/watch?v=jPcARhVWH94,360 VIDEO | Jurassic World Dinosaurs VR 360° VIDEO,140,313
https://www.youtube.com/watch?v=wN5Hu1rdRn8,VR 360 Video,140,313
https://www.youtube.com/watch?v=sKVxN711hCA,360° Explore Our Solar System in VR,140,313
https://www.youtube.com/watch?v=nzNiAY7c5wg,Around the Planet in 2 minutes. VR 360 video in 4K by AirPano,140,313
https://www.youtube.com/watch?v=vOb6B3ixYIw,30 sec COUNTDOWN TIMER ( v 630 ) with VOICE 10 to 0 - 360 grad video VR,140,313
https://www.youtube.com/watch?v=4pMXXa72eFY,Tom and Jerry 360° VR video,140,313
https://www.youtube.com/watch?v=9T_0AtkLC_Y,360° VR - Tom and Jerry Are Friends,140,313
https://www.youtube.com/watch?v=kG_Ubv_5OFY,Om Nom 360°: Unexpected Guest,327,313
https://www.youtube.com/watch?v=lGmL_pj4g6c,Om nom 360 - Virtual reality 4K Video cartoons cut the rope 2017 KEDOO animation for kids,327,313
https://www.youtube.com/watch?v=f00N2lZkI1Y,360° VR video || Tom and Jerry,140,313
https://www.youtube.com/watch?v=PzxxEVdM1xI,Chapter 1: Introduction to the Animal Cell,140,315
https://www.youtube.com/watch?v=s1NzeCxAp7w,Chapter 2: The Nucleus and the Endoplasmic Reticulum,6:18,140,315
